Carimbo de data/hora,1 - Voc√™ j√° utilizou o MOJ ?,1 - Qual seu sexo ?,2 - Qual a sua idade ?,3 - Qual o seu curso ?,4 - Qual o seu per√≠odo?,1 - Voc√™ sente facilidade para encontrar as suas listas de atividades no MOJ ? ,2 -  Voc√™ j√° enfrentou problemas para saber oque est√° acontecendo com o seu c√≥digo dentro do MOJ ?,3 - Como voc√™ avalia a acessibilidade do MOJ ?,"4 - Em rela√ß√£o aos problemas que voc√™ encontra no MOJ, voc√™ se sente auxiliado em rela√ß√£o a eles ?", 5 -  O MOJ fornece feedback √∫til quando cometo erros ou encontro problemas?,"6 -  Sobre a afirma√ß√£o: ""O MOJ √© uma plataforma inclusiva""","7 - Sobre a afirma√ß√£o: ""O MOJ informa sobre o status do sistema durante o uso.""
Exemplo:","8 - Sobre a afirma√ß√£o: ""√â f√°cil corrigir uma a√ß√£o caso cometa um erro ao submeter a quest√£o.""
Exemplo: corrigir o arquivo de um c√≥digo j√° enviado. üóë","9 - Sobre a afirma√ß√£o: ""A apar√™ncia do MOJ √©  agrad√°vel as olhos"".","10 - Sobre a afirma√ß√£o: ""O MOJ √© um site intuitivo de se navegar""","11 - Sobre a afirma√ß√£o: ""√â f√°cil acessar informa√ß√µes de ajuda ou documenta√ß√£o quando voc√™ precisa de orienta√ß√£o.""","12 - Caso j√° tenha usado outro(s) juiz(es) eletr√¥nico(s), como voc√™ avaliaria o MOJ comparativamente?",13 - O que voc√™ menos gosta no site do MOJ? Que melhorias voc√™ sugere para o site ?
08/09/2023 15:44:48,Sim,Feminino,De 18 anos at√© 23 anos,Engenharia de software,,,Nunca sei oque est√° acontecendo com meu c√≥digo,,,,,,,,,,,
08/09/2023 15:52:39,Sim,Feminino,De 18 anos at√© 23 anos,Engenharia de software,,Raramente encontro minhas listas com facilidade,Nunca sei oque est√° acontecendo com meu c√≥digo,Ruim,"Quando encontro problemas, raramente me sinto bem auxiliado.",Raramente recebo feedback claro e √∫til,,,,Concordo parcialmente,Concordo parcialmente,,,"Intera√ß√£o, interface e a maneira que as listas est√£o dispostas"
08/09/2023 15:53:10,Sim,Masculino,De 18 anos at√© 23 anos,Engenharia de software,,Com frequ√™ncia encontro minhas listas com facilidade,Raramente sei oque est√° acontecendo com meu c√≥digo,Mediana,N√£o encontro problemas ao utilizar o MOJ >:(,Com frequ√™ncia recebo feedback claro e √∫til,,,,Discordo totalmente,Sou neutro,,,0.0
08/09/2023 16:13:53,Sim,Masculino,De 18 anos at√© 23 anos,Engenharia de software,,Com frequ√™ncia encontro minhas listas com facilidade,√Ås vezes sei o que est√° acontecendo com meu c√≥digo,Boa,"Quando encontro problemas, √†s vezes me sinto bem auxiliado.",Raramente recebo feedback claro e √∫til,,,,Discordo totalmente,Sou neutro,,,Falta de suporte. Reformula√ß√£o do layout
18/09/2023 09:43:10,Sim,Feminino,De 18 anos at√© 23 anos,Engenharia de Software,6¬∞ per√≠odo,√Ås vezes encontro minhas listas com facilidade,Nunca sei oque est√° acontecendo com meu c√≥digo,P√©ssima,"Quando encontro problemas, raramente me sinto bem auxiliado.",Nunca recebo feedback claro e √∫til,Discordo Totalmente,Sou neutro,Discordo parcialmente,Discordo totalmente,Discordo totalmente,Discordo parcialmente,Considero o MOJ abaixo da m√©dia,"Site n√£o intuitivo. Em outros sites de juizes eletr√¥nicos tem uma aba para os usu√°rios poderem falar sobre a quest√£o sem colocar a resposta, isso √© √∫til para duvidas."
18/09/2023 19:07:50,Sim,Masculino,De 18 anos at√© 23 anos,Engenharia de Software,6¬∞ per√≠odo,Com frequ√™ncia encontro minhas listas com facilidade,Raramente sei oque est√° acontecendo com meu c√≥digo,P√©ssima,"Quando encontro problemas, √†s vezes me sinto bem auxiliado.",Nunca recebo feedback claro e √∫til,Discordo Parcialmente,Sou neutro,Discordo totalmente,Discordo totalmente,Sou neutro,Discordo totalmente,Considero o MOJ abaixo da m√©dia,
18/09/2023 19:25:48,Sim,Masculino,De 18 anos at√© 23 anos,Engenharia de Software,8¬∞ per√≠odo,Sempre encontro minhas listas com facilidade,Com frequ√™ncia sei o que est√° acontecendo com meu c√≥digo,Boa,"Quando encontro problemas, com frequ√™ncia me sinto bem auxiliado.",Com frequ√™ncia recebo feedback claro e √∫til,Concordo Parcialmente,Concordo totalmente,Discordo totalmente,Concordo parcialmente,Concordo parcialmente,Concordo totalmente,Considero o MOJ acima da m√©dia,
18/09/2023 19:26:46,Sim,Feminino,De 18 anos at√© 23 anos,Engenharia de Software,6¬∞ per√≠odo,Raramente encontro minhas listas com facilidade,Raramente sei o que est√° acontecendo com meu c√≥digo,Mediana,"Quando encontro problemas, raramente me sinto bem auxiliado.",Nunca recebo feedback claro e √∫til,Sou Neutro,Discordo totalmente,Discordo totalmente,Discordo parcialmente,Discordo parcialmente,Discordo totalmente,Considero o MOJ abaixo da m√©dia,
18/09/2023 19:27:50,Sim,Masculino,De 18 anos at√© 23 anos,Engenharia de Software,5¬∞ per√≠odo,√Ås vezes encontro minhas listas com facilidade,Raramente sei o que est√° acontecendo com meu c√≥digo,P√©ssima,"Quando encontro problemas, raramente me sinto bem auxiliado.",Nunca recebo feedback claro e √∫til,Discordo Totalmente,Sou neutro,Concordo parcialmente,Concordo totalmente,Sou neutro,Concordo parcialmente,Considero o MOJ na m√©dia,Ele n√£o informa verdadeiramente seu erro. E sequer d√° uma dica de como corrigi-lo
18/09/2023 19:28:27,Sim,Feminino,De 18 anos at√© 23 anos,Engenharia de Software,8¬∞ per√≠odo,Com frequ√™ncia encontro minhas listas com facilidade,Com frequ√™ncia sei o que est√° acontecendo com meu c√≥digo,P√©ssima,"Quando encontro problemas, raramente me sinto bem auxiliado.",√Ås vezes recebo feedback claro e √∫til,Discordo Parcialmente,Concordo parcialmente,Discordo totalmente,Discordo totalmente,Discordo totalmente,Sou neutro,Considero o MOJ abaixo da m√©dia,
18/09/2023 19:29:53,Sim,Feminino,De 18 anos at√© 23 anos,Engenharia de Software,9¬∞ per√≠odo,√Ås vezes encontro minhas listas com facilidade,Raramente sei o que est√° acontecendo com meu c√≥digo,Mediana,"Quando encontro problemas, raramente me sinto bem auxiliado.",Raramente recebo feedback claro e √∫til,Discordo Parcialmente,Discordo totalmente,Discordo totalmente,Discordo totalmente,Discordo parcialmente,Sou neutro,N√£o usei outros juizes eletr√¥nicos,
18/09/2023 19:30:21,Sim,Masculino,De 18 anos at√© 23 anos,Engenharia de Software,8¬∞ per√≠odo,√Ås vezes encontro minhas listas com facilidade,Raramente sei o que est√° acontecendo com meu c√≥digo,Mediana,"Quando encontro problemas, raramente me sinto bem auxiliado.",Raramente recebo feedback claro e √∫til,Sou Neutro,Sou neutro,Discordo parcialmente,Discordo parcialmente,Discordo parcialmente,Discordo parcialmente,Considero o MOJ na m√©dia,a falta de feedback aos usuarios
18/09/2023 19:30:36,Sim,Masculino,De 18 anos at√© 23 anos,Engenharia de Software,10¬∞ per√≠odo,Sempre encontro minhas listas com facilidade,Com frequ√™ncia sei o que est√° acontecendo com meu c√≥digo,Boa,"Quando encontro problemas, com frequ√™ncia me sinto bem auxiliado.",Com frequ√™ncia recebo feedback claro e √∫til,Concordo Parcialmente,Concordo parcialmente,Concordo totalmente,Concordo parcialmente,Concordo parcialmente,Concordo totalmente,Considero o MOJ acima da m√©dia,
18/09/2023 19:31:03,Sim,Masculino,De 18 anos at√© 23 anos,Engenharia de Software,5¬∞ per√≠odo,√Ås vezes encontro minhas listas com facilidade,Raramente sei o que est√° acontecendo com meu c√≥digo,Ruim,"Quando encontro problemas, nunca me senti bem auxiliado.",Nunca recebo feedback claro e √∫til,Discordo Parcialmente,Discordo totalmente,Discordo totalmente,Sou neutro,Concordo parcialmente,Discordo totalmente,Considero o MOJ abaixo da m√©dia,Ter que recarregar a p√°gina repetidamente para saber o resultado da submiss√£o. Gostaria que o site atualizasse em tempo real os resultados.
18/09/2023 19:31:13,Sim,Feminino,De 18 anos at√© 23 anos,Engenharia de Software,1¬∞ per√≠odo,√Ås vezes encontro minhas listas com facilidade,Nunca sei o que est√° acontecendo com meu c√≥digo,Ruim,"Quando encontro problemas, raramente me sinto bem auxiliado.",Nunca recebo feedback claro e √∫til,Discordo Parcialmente,Discordo totalmente,Discordo totalmente,Discordo parcialmente,Discordo parcialmente,Sou neutro,N√£o usei outros juizes eletr√¥nicos,
18/09/2023 19:31:18,Sim,Feminino,De 18 anos at√© 23 anos,Engenharia de Software,1¬∞ per√≠odo,Com frequ√™ncia encontro minhas listas com facilidade,Raramente sei o que est√° acontecendo com meu c√≥digo,Mediana,"Quando encontro problemas, √†s vezes me sinto bem auxiliado.",Raramente recebo feedback claro e √∫til,Sou Neutro,Sou neutro,Discordo parcialmente,Discordo parcialmente,Discordo parcialmente,Sou neutro,Considero o MOJ na m√©dia,
18/09/2023 19:31:36,Sim,Masculino,De 18 anos at√© 23 anos,Engenharia de Software,Prefiro n√£o dizer,Com frequ√™ncia encontro minhas listas com facilidade,√Ås vezes sei o que est√° acontecendo com meu c√≥digo,Boa,"Quando encontro problemas, √†s vezes me sinto bem auxiliado.",√Ås vezes recebo feedback claro e √∫til,Concordo Parcialmente,Concordo totalmente,Concordo parcialmente,Discordo parcialmente,Concordo parcialmente,Sou neutro,N√£o usei outros juizes eletr√¥nicos,"Parte visual , e um feedback mais preciso para saber qual o problema com o c√≥digo quando ele n√£o est√° correto ! "
18/09/2023 19:31:54,Sim,Masculino,De 18 anos at√© 23 anos,Engenharia Eletr√¥nica,2¬∞ per√≠odo,Sempre encontro minhas listas com facilidade,√Ås vezes sei o que est√° acontecendo com meu c√≥digo,√ìtima,"Quando encontro problemas, raramente me sinto bem auxiliado.",√Ås vezes recebo feedback claro e √∫til,Concordo Totalmente,Discordo totalmente,Discordo totalmente,Concordo parcialmente,Concordo totalmente,Sou neutro,N√£o usei outros juizes eletr√¥nicos,Algumas siglas n√£o possuem significado expl√≠cito 
18/09/2023 19:31:56,Sim,Masculino,De 18 anos at√© 23 anos,Engenharia de Software,9¬∞ per√≠odo,√Ås vezes encontro minhas listas com facilidade,√Ås vezes sei o que est√° acontecendo com meu c√≥digo,Mediana,"Quando encontro problemas, nunca me senti bem auxiliado.",Raramente recebo feedback claro e √∫til,Discordo Parcialmente,Discordo parcialmente,Sou neutro,Sou neutro,Discordo parcialmente,Discordo totalmente,Considero o MOJ abaixo da m√©dia,"Muito dif√≠cil encontrar listas de exerc√≠cios, principalmente, ao final do semestre"
18/09/2023 19:32:03,Sim,Masculino,De 18 anos at√© 23 anos,Engenharia de Software,4¬∞ per√≠odo,Com frequ√™ncia encontro minhas listas com facilidade,√Ås vezes sei o que est√° acontecendo com meu c√≥digo,Boa,"Quando encontro problemas, √†s vezes me sinto bem auxiliado.",√Ås vezes recebo feedback claro e √∫til,Sou Neutro,Concordo parcialmente,Sou neutro,Concordo parcialmente,Concordo parcialmente,Sou neutro,Considero o MOJ na m√©dia,
18/09/2023 19:34:12,Sim,Masculino,De 18 anos at√© 23 anos,Engenharia de Software,8¬∞ per√≠odo,√Ås vezes encontro minhas listas com facilidade,√Ås vezes sei o que est√° acontecendo com meu c√≥digo,Mediana,"Quando encontro problemas, com frequ√™ncia me sinto bem auxiliado.",√Ås vezes recebo feedback claro e √∫til,Concordo Parcialmente,Concordo totalmente,Sou neutro,Concordo parcialmente,Sou neutro,Discordo parcialmente,Considero o MOJ na m√©dia,"Quando h√° muitas listas em aberto ao mesmo tempo, possuo uma certa dificuldade em encontrar a lista que eu quero. Talvez a implementa√ß√£o de um sistema de filtros e tags ajude a identificar as listas."
18/09/2023 19:34:39,Sim,Feminino,De 18 anos at√© 23 anos,Engenharia de Software,6¬∞ per√≠odo,Nunca encontro minhas listas com facilidade,Nunca sei o que est√° acontecendo com meu c√≥digo,P√©ssima,"Quando encontro problemas, nunca me senti bem auxiliado.",Nunca recebo feedback claro e √∫til,Discordo Totalmente,Discordo totalmente,Discordo totalmente,Discordo totalmente,Discordo totalmente,Discordo totalmente,Considero o MOJ abaixo da m√©dia,
18/09/2023 19:35:27,Sim,Masculino,De 18 anos at√© 23 anos,Engenharia de Software,8¬∞ per√≠odo,Raramente encontro minhas listas com facilidade,√Ås vezes sei o que est√° acontecendo com meu c√≥digo,Ruim,"Quando encontro problemas, raramente me sinto bem auxiliado.",√Ås vezes recebo feedback claro e √∫til,Discordo Totalmente,Sou neutro,Discordo parcialmente,Discordo totalmente,Discordo totalmente,Sou neutro,N√£o usei outros juizes eletr√¥nicos,"Odeio a falta de clareza quando erro a quest√£o. Adoraria mais clareza no erro do c√≥digo, mais acessibilidade, mais intuitivo e mais bonito."
18/09/2023 19:36:31,Sim,Masculino,De 18 anos at√© 23 anos,Engenharia de Software,6¬∞ per√≠odo,Com frequ√™ncia encontro minhas listas com facilidade,Com frequ√™ncia sei o que est√° acontecendo com meu c√≥digo,Boa,"Quando encontro problemas, raramente me sinto bem auxiliado.",Com frequ√™ncia recebo feedback claro e √∫til,Concordo Totalmente,Concordo totalmente,Discordo parcialmente,Discordo totalmente,Discordo parcialmente,Discordo totalmente,Considero o MOJ abaixo da m√©dia,O que menos me agrada no MOJ √© sua interface
18/09/2023 19:39:56,Sim,Masculino,De 18 anos at√© 23 anos,Engenharia de Software,6¬∞ per√≠odo,Sempre encontro minhas listas com facilidade,Sempre sei o que est√° acontecendo com meu c√≥digo,√ìtima,N√£o encontro problemas ao utilizar o MOJ >:(,Sempre recebo feedback claro e √∫til.,Concordo Totalmente,Concordo totalmente,Concordo totalmente,Concordo totalmente,Concordo totalmente,Concordo totalmente,Considero o MOJ muito acima da m√©dia,ele √© PERFEITO viva a comunidade BCR!
18/09/2023 19:40:19,Sim,Masculino,De 18 anos at√© 23 anos,Engenharia de Software,6¬∞ per√≠odo,Raramente encontro minhas listas com facilidade,Nunca sei o que est√° acontecendo com meu c√≥digo,P√©ssima,"Quando encontro problemas, raramente me sinto bem auxiliado.",Nunca recebo feedback claro e √∫til,Discordo Parcialmente,Concordo parcialmente,Discordo parcialmente,Discordo totalmente,Discordo totalmente,Discordo totalmente,Considero o MOJ abaixo da m√©dia,De tudo o que ele representa e ele nunca te mostra o que voc√™ errou
18/09/2023 19:42:32,Sim,Feminino,De 18 anos at√© 23 anos,Engenharia de Software,Acima do 10¬∫ per√≠odo,Com frequ√™ncia encontro minhas listas com facilidade,√Ås vezes sei o que est√° acontecendo com meu c√≥digo,P√©ssima,"Quando encontro problemas, nunca me senti bem auxiliado.",Raramente recebo feedback claro e √∫til,Discordo Totalmente,Sou neutro,Discordo parcialmente,Discordo totalmente,Discordo totalmente,Discordo totalmente,Considero o MOJ abaixo da m√©dia,"A interface √© pouco intuitiva e inclusiva, al√©m de n√£o fornecer um feedback adequado ao usu√°rio sobre as a√ß√µes que est√£o sendo executadas. Creio que um interface mais moderna e divertida atrairia e estimularia mais os alunos, e bons feedbacks ajudariam a melhor seus desempenhos. Ademais, uma funcionalidade para organiza√ß√£o das listas por parte do usu√°rio ajudaria no seu planejamento para as entregas."
18/09/2023 19:46:20,Sim,Masculino,De 18 anos at√© 23 anos,Engenharia de Software,7¬∞ per√≠odo,Raramente encontro minhas listas com facilidade,Raramente sei o que est√° acontecendo com meu c√≥digo,√ìtima,"Quando encontro problemas, √†s vezes me sinto bem auxiliado.",Raramente recebo feedback claro e √∫til,Concordo Totalmente,Concordo totalmente,Sou neutro,Concordo parcialmente,Concordo parcialmente,Sou neutro,Considero o MOJ na m√©dia,
18/09/2023 19:46:54,Sim,Masculino,De 18 anos at√© 23 anos,ainda no per√≠odo b√°sico ,1¬∞ per√≠odo,Sempre encontro minhas listas com facilidade,√Ås vezes sei o que est√° acontecendo com meu c√≥digo,Boa,"Quando encontro problemas, com frequ√™ncia me sinto bem auxiliado.",Nunca recebo feedback claro e √∫til,Sou Neutro,Concordo totalmente,Discordo totalmente,Discordo parcialmente,Discordo totalmente,Concordo totalmente,N√£o usei outros juizes eletr√¥nicos,queria saber quais (pelo menos uma) entradas n√£o deram a saida esperada.
18/09/2023 19:47:56,Sim,Masculino,De 18 anos at√© 23 anos,Engenharia de Software,6¬∞ per√≠odo,Com frequ√™ncia encontro minhas listas com facilidade,√Ås vezes sei o que est√° acontecendo com meu c√≥digo,Ruim,"Quando encontro problemas, √†s vezes me sinto bem auxiliado.",Raramente recebo feedback claro e √∫til,Discordo Totalmente,Discordo parcialmente,Discordo totalmente,Discordo parcialmente,Discordo parcialmente,Sou neutro,Considero o MOJ na m√©dia,"N√£o conseguir recuperar os arquivos de subimi√ß√µes anteriores, al√©m de que o moj por s√≠ s√≥ n√£o fornece todos os feedbacks necess√°rios. Seria interessante integrar o MOJITO ao site."
18/09/2023 19:48:59,Sim,Masculino,De 24 anos at√© 30 anos,Engenharia de Software,10¬∞ per√≠odo,Com frequ√™ncia encontro minhas listas com facilidade,√Ås vezes sei o que est√° acontecendo com meu c√≥digo,Mediana,"Quando encontro problemas, raramente me sinto bem auxiliado.",Nunca recebo feedback claro e √∫til,Sou Neutro,Discordo totalmente,Discordo totalmente,Discordo parcialmente,Concordo parcialmente,Discordo parcialmente,Considero o MOJ abaixo da m√©dia,
18/09/2023 19:49:37,N√£o,,,,,,,,,,,,,,,,,
18/09/2023 19:51:48,Sim,Masculino,De 18 anos at√© 23 anos,Engenharia de Software,6¬∞ per√≠odo,Com frequ√™ncia encontro minhas listas com facilidade,√Ås vezes sei o que est√° acontecendo com meu c√≥digo,Mediana,"Quando encontro problemas, raramente me sinto bem auxiliado.",Raramente recebo feedback claro e √∫til,Sou Neutro,Discordo totalmente,Discordo totalmente,Discordo parcialmente,Concordo parcialmente,Discordo parcialmente,Considero o MOJ na m√©dia,
18/09/2023 19:56:39,Sim,Masculino,De 18 anos at√© 23 anos,Engenharia de Software,9¬∞ per√≠odo,√Ås vezes encontro minhas listas com facilidade,√Ås vezes sei o que est√° acontecendo com meu c√≥digo,Mediana,"Quando encontro problemas, com frequ√™ncia me sinto bem auxiliado.",Raramente recebo feedback claro e √∫til,Sou Neutro,Discordo totalmente,Concordo parcialmente,Discordo parcialmente,Concordo parcialmente,Concordo parcialmente,N√£o usei outros juizes eletr√¥nicos,
18/09/2023 20:00:01,Sim,Masculino,De 18 anos at√© 23 anos,Engenharia de Software,Acima do 10¬∫ per√≠odo,Sempre encontro minhas listas com facilidade,Sempre sei o que est√° acontecendo com meu c√≥digo,Boa,"Quando encontro problemas, com frequ√™ncia me sinto bem auxiliado.",Com frequ√™ncia recebo feedback claro e √∫til,Concordo Totalmente,Concordo totalmente,Discordo totalmente,Discordo parcialmente,Concordo totalmente,Concordo parcialmente,Considero o MOJ acima da m√©dia,Ter darkmode
18/09/2023 20:01:21,Sim,Masculino,De 18 anos at√© 23 anos,Engenharia de Software,3¬∞ per√≠odo,Raramente encontro minhas listas com facilidade,Raramente sei o que est√° acontecendo com meu c√≥digo,Ruim,"Quando encontro problemas, nunca me senti bem auxiliado.",Nunca recebo feedback claro e √∫til,Concordo Parcialmente,Sou neutro,Discordo totalmente,Discordo totalmente,Discordo totalmente,Sou neutro,Considero o MOJ acima da m√©dia,
18/09/2023 20:02:50,Sim,Feminino,De 24 anos at√© 30 anos,Engenharia de Software,6¬∞ per√≠odo,Raramente encontro minhas listas com facilidade,Nunca sei o que est√° acontecendo com meu c√≥digo,P√©ssima,"Quando encontro problemas, nunca me senti bem auxiliado.",Raramente recebo feedback claro e √∫til,Discordo Totalmente,Sou neutro,Discordo totalmente,Discordo totalmente,Discordo totalmente,Discordo totalmente,Considero o MOJ abaixo da m√©dia,"Tudo. Muito ruim de achar as coisas, desorganizado, p√©ssimo de feedback"
18/09/2023 20:04:43,Sim,Masculino,De 18 anos at√© 23 anos,Engenharia de Software,5¬∞ per√≠odo,√Ås vezes encontro minhas listas com facilidade,√Ås vezes sei o que est√° acontecendo com meu c√≥digo,Mediana,"Quando encontro problemas, raramente me sinto bem auxiliado.",√Ås vezes recebo feedback claro e √∫til,Discordo Parcialmente,Discordo totalmente,Concordo parcialmente,Discordo totalmente,Discordo parcialmente,Discordo totalmente,Considero o MOJ na m√©dia,
18/09/2023 20:05:21,Sim,Feminino,De 18 anos at√© 23 anos,Engenharia de Software,6¬∞ per√≠odo,Raramente encontro minhas listas com facilidade,Nunca sei o que est√° acontecendo com meu c√≥digo,P√©ssima,"Quando encontro problemas, nunca me senti bem auxiliado.",Nunca recebo feedback claro e √∫til,Discordo Totalmente,Discordo totalmente,Discordo totalmente,Discordo totalmente,Discordo totalmente,Discordo totalmente,Considero o MOJ abaixo da m√©dia,
18/09/2023 20:06:09,Sim,Masculino,De 18 anos at√© 23 anos,Engenharia de Software,2¬∞ per√≠odo,Com frequ√™ncia encontro minhas listas com facilidade,Com frequ√™ncia sei o que est√° acontecendo com meu c√≥digo,√ìtima,"Quando encontro problemas, com frequ√™ncia me sinto bem auxiliado.",Com frequ√™ncia recebo feedback claro e √∫til,Sou Neutro,Discordo totalmente,Concordo totalmente,Concordo parcialmente,Concordo parcialmente,Discordo parcialmente,N√£o usei outros juizes eletr√¥nicos,"Sistema de corre√ß√£o, as vzs vc perde os 100 pontos por causa de um "" "" ou por causa da diferen√ßa de letras mai√∫sculas e min√∫sculas"
18/09/2023 20:07:11,Sim,Masculino,De 18 anos at√© 23 anos,Engenharia de Software,6¬∞ per√≠odo,Com frequ√™ncia encontro minhas listas com facilidade,√Ås vezes sei o que est√° acontecendo com meu c√≥digo,Mediana,"Quando encontro problemas, √†s vezes me sinto bem auxiliado.",√Ås vezes recebo feedback claro e √∫til,Discordo Parcialmente,Discordo totalmente,Discordo totalmente,Sou neutro,Discordo parcialmente,Discordo parcialmente,Considero o MOJ abaixo da m√©dia,
18/09/2023 20:17:56,Sim,Masculino,De 18 anos at√© 23 anos,Engenharia de Software,5¬∞ per√≠odo,√Ås vezes encontro minhas listas com facilidade,Raramente sei o que est√° acontecendo com meu c√≥digo,Ruim,"Quando encontro problemas, nunca me senti bem auxiliado.",Com frequ√™ncia recebo feedback claro e √∫til,Sou Neutro,Discordo parcialmente,Sou neutro,Discordo parcialmente,Discordo parcialmente,Discordo parcialmente,Considero o MOJ na m√©dia,"Separar as listas de exerc√≠cios por turma e/ou professor; A p√°gina n√£o atualiza ap√≥s uma quest√£o ser julgada, sendo necess√°rio recarregar a p√°gina para obter o resultado."
18/09/2023 20:25:20,Sim,Feminino,De 24 anos at√© 30 anos,Engenharia de Software,6¬∞ per√≠odo,Raramente encontro minhas listas com facilidade,√Ås vezes sei o que est√° acontecendo com meu c√≥digo,Ruim,"Quando encontro problemas, √†s vezes me sinto bem auxiliado.",Nunca recebo feedback claro e √∫til,Discordo Totalmente,Discordo totalmente,Discordo totalmente,Discordo totalmente,Discordo totalmente,Discordo totalmente,Considero o MOJ abaixo da m√©dia,
18/09/2023 20:27:45,Sim,Feminino,De 18 anos at√© 23 anos,Engenharia de Software,10¬∞ per√≠odo,√Ås vezes encontro minhas listas com facilidade,Com frequ√™ncia sei o que est√° acontecendo com meu c√≥digo,Boa,"Quando encontro problemas, √†s vezes me sinto bem auxiliado.",√Ås vezes recebo feedback claro e √∫til,Concordo Totalmente,Sou neutro,Discordo totalmente,Concordo totalmente,Concordo totalmente,Concordo totalmente,Considero o MOJ na m√©dia,"A pergunta 8 n√£o √© relevante.Nenhum URI que conhe√ßa permite que seja apagado um c√≥digo j√° enviado. Isso √© usado, muitas  vezes, para classifica√ß√£o "
18/09/2023 20:29:05,Sim,Masculino,De 18 anos at√© 23 anos,Engenharia de Software,Acima do 10¬∫ per√≠odo,Sempre encontro minhas listas com facilidade,Com frequ√™ncia sei o que est√° acontecendo com meu c√≥digo,Mediana,"Quando encontro problemas, com frequ√™ncia me sinto bem auxiliado.",Raramente recebo feedback claro e √∫til,Sou Neutro,Discordo totalmente,Sou neutro,Concordo totalmente,Concordo totalmente,Concordo totalmente,Considero o MOJ na m√©dia,n√£o poder acessar o c√≥digo-fonte ap√≥s o fim do contest
18/09/2023 20:29:12,Sim,Feminino,De 18 anos at√© 23 anos,Engenharia de Software,4¬∞ per√≠odo,Com frequ√™ncia encontro minhas listas com facilidade,Raramente sei o que est√° acontecendo com meu c√≥digo,Mediana,N√£o encontro problemas ao utilizar o MOJ >:(,Nunca recebo feedback claro e √∫til,Sou Neutro,Sou neutro,Sou neutro,Discordo parcialmente,Discordo parcialmente,Discordo totalmente,N√£o usei outros juizes eletr√¥nicos,
18/09/2023 20:29:16,Sim,Feminino,De 24 anos at√© 30 anos,Engenharia de Software,7¬∞ per√≠odo,Com frequ√™ncia encontro minhas listas com facilidade,Com frequ√™ncia sei o que est√° acontecendo com meu c√≥digo,Mediana,"Quando encontro problemas, raramente me sinto bem auxiliado.",Raramente recebo feedback claro e √∫til,Discordo Parcialmente,Concordo parcialmente,Discordo parcialmente,Concordo parcialmente,Discordo parcialmente,Sou neutro,Considero o MOJ na m√©dia,
18/09/2023 20:36:35,Sim,Masculino,De 24 anos at√© 30 anos,Engenharia de Software,Acima do 10¬∫ per√≠odo,Raramente encontro minhas listas com facilidade,Raramente sei o que est√° acontecendo com meu c√≥digo,Ruim,"Quando encontro problemas, raramente me sinto bem auxiliado.",Raramente recebo feedback claro e √∫til,Discordo Parcialmente,Concordo totalmente,Discordo parcialmente,Discordo totalmente,Discordo totalmente,Discordo totalmente,N√£o usei outros juizes eletr√¥nicos,
18/09/2023 20:45:21,Sim,Masculino,De 18 anos at√© 23 anos,Engenharia de Software,4¬∞ per√≠odo,Nunca encontro minhas listas com facilidade,√Ås vezes sei o que est√° acontecendo com meu c√≥digo,Ruim,"Quando encontro problemas, nunca me senti bem auxiliado.",Nunca recebo feedback claro e √∫til,Discordo Totalmente,Concordo parcialmente,Sou neutro,Discordo totalmente,Discordo totalmente,Discordo parcialmente,Considero o MOJ abaixo da m√©dia,"Ele poderia mostrar o comparativo do resultado esperado vs o resultado obtido do codigo, igual os professores Fabr√≠cio e Nilton usam no juiz eletr√¥nico deles integrado ao Aprender3 que diga-se de passagem √© 1000 vezes mais intuitivo pq segue o padrao de questoes e eu n√£o preciso abrir um pdf da quest√£o, posso compilar no aprender pra testar primeiro a saida e s√≥ depois enviar pra corre√ß√£o. A interface faz mais sentido e etc.
E sim eu sei que da pra pedir o bot mojinho pra me dar um arquivo que compara a resposta esperada com a obtida nos casos de testes, mas eu demorei uns 3 per√≠odos pra descobrir isso pq n√£o fala e lugar nenhum no site do moj. Alem de que eu precisar de mais um negocio aberto pra ter o feedback da quest√£o √© p√©ssimo. Podia so ter um bot√£o pra isso no pr√≥prio site."
18/09/2023 20:55:49,Sim,Masculino,De 18 anos at√© 23 anos,Engenharia de Software,4¬∞ per√≠odo,Com frequ√™ncia encontro minhas listas com facilidade,√Ås vezes sei o que est√° acontecendo com meu c√≥digo,Boa,"Quando encontro problemas, nunca me senti bem auxiliado.",√Ås vezes recebo feedback claro e √∫til,Concordo Parcialmente,Discordo parcialmente,Discordo parcialmente,Discordo totalmente,Concordo parcialmente,Discordo parcialmente,Considero o MOJ na m√©dia,"A augurar√£o que vejo √© uma maneira de mostrar alguns casos de testes que o seu c√≥digo n√£o est√° passando, algo nessa linha de racioc√≠nio, por√©m sei que o jeito que isso possa ser implementado poder√° abrir oportunidades para trapa√ßas, sendo assim, a solu√ß√£o para isso deve ser implementada de forma a considerar os seus m√≠nimos detalhes "
18/09/2023 21:02:38,Sim,Masculino,De 18 anos at√© 23 anos,Engenharia de Software,5¬∞ per√≠odo,√Ås vezes encontro minhas listas com facilidade,Raramente sei o que est√° acontecendo com meu c√≥digo,Mediana,"Quando encontro problemas, raramente me sinto bem auxiliado.",√Ås vezes recebo feedback claro e √∫til,Concordo Parcialmente,Discordo totalmente,Concordo parcialmente,Concordo parcialmente,Concordo parcialmente,Discordo parcialmente,Considero o MOJ na m√©dia,A quest√£o da navegabilidade e avisos quando o c√≥digo da problema.
18/09/2023 21:19:18,Sim,Masculino,De 18 anos at√© 23 anos,Engenharia de Software,2¬∞ per√≠odo,Com frequ√™ncia encontro minhas listas com facilidade,√Ås vezes sei o que est√° acontecendo com meu c√≥digo,Boa,"Quando encontro problemas, √†s vezes me sinto bem auxiliado.",Com frequ√™ncia recebo feedback claro e √∫til,Sou Neutro,Discordo totalmente,Discordo parcialmente,Concordo parcialmente,Concordo totalmente,Concordo parcialmente,N√£o usei outros juizes eletr√¥nicos,"Algumas indica√ß√µes que me d√£o 0p mas, n√£o √© apenas erro no c√≥digo ou na l√≥gica,"
18/09/2023 21:21:15,Sim,Masculino,De 18 anos at√© 23 anos,Engenharia de Software,4¬∞ per√≠odo,Raramente encontro minhas listas com facilidade,√Ås vezes sei o que est√° acontecendo com meu c√≥digo,Ruim,"Quando encontro problemas, raramente me sinto bem auxiliado.",Nunca recebo feedback claro e √∫til,Discordo Parcialmente,Discordo totalmente,Discordo parcialmente,Discordo totalmente,Concordo parcialmente,Sou neutro,Considero o MOJ abaixo da m√©dia,
18/09/2023 21:26:51,Sim,Feminino,De 18 anos at√© 23 anos,Engenharia de Software,7¬∞ per√≠odo,√Ås vezes encontro minhas listas com facilidade,Raramente sei o que est√° acontecendo com meu c√≥digo,Mediana,"Quando encontro problemas, raramente me sinto bem auxiliado.",Raramente recebo feedback claro e √∫til,Discordo Totalmente,Sou neutro,Discordo totalmente,Discordo totalmente,Discordo parcialmente,Sou neutro,Considero o MOJ na m√©dia,"De como ele n√£o te d√° sugest√µes do que pode ser o erro, n√£o precisa dar necessariamente a resposta, mas pelo menos um guia."
18/09/2023 21:29:53,Sim,Masculino,De 18 anos at√© 23 anos,Engenharia de Software,6¬∞ per√≠odo,√Ås vezes encontro minhas listas com facilidade,Raramente sei o que est√° acontecendo com meu c√≥digo,Ruim,"Quando encontro problemas, nunca me senti bem auxiliado.",Nunca recebo feedback claro e √∫til,Concordo Parcialmente,Concordo totalmente,Sou neutro,Discordo parcialmente,Discordo totalmente,Sou neutro,Considero o MOJ abaixo da m√©dia,"Mensagens de erro n√£o detalhadas, sugiro adicionar de alguma forma mensagens de erro detalhadas especificando linha de c√≥digo e se poss√≠vel sugest√µes de melhoria"
18/09/2023 21:39:23,Sim,Masculino,De 18 anos at√© 23 anos,Engenharia de Software,10¬∞ per√≠odo,Com frequ√™ncia encontro minhas listas com facilidade,√Ås vezes sei o que est√° acontecendo com meu c√≥digo,Ruim,"Quando encontro problemas, raramente me sinto bem auxiliado.",√Ås vezes recebo feedback claro e √∫til,Discordo Totalmente,Discordo parcialmente,Concordo parcialmente,Discordo totalmente,Discordo parcialmente,Discordo parcialmente,Considero o MOJ abaixo da m√©dia,"Falta de acessibilidade, os bot√µes s√£o muito pequenos e n√£o aparentam ser clic√°veis, voc√™ s√≥ percebe que s√£o bot√µes quando passa o mouse por cima. Os textos possuem uma fonte pequena e n√£o oferecem uma op√ß√£o de aumento da fonte. Algumas informa√ß√µes apresentadas no site est√£o sem formata√ß√£o adequada, por exemplo, a formata√ß√£o da data de in√≠cio e fim das listas (Tue Sep 12 10:00:00 -03 2023), para um site acessado por brasileiros, poderia vir algo nesse sentido: Ter√ßa-feira, 12 de Setembro de 2023 √†s 10:00."
18/09/2023 22:18:40,Sim,Masculino,De 18 anos at√© 23 anos,Engenharia de Software,3¬∞ per√≠odo,Sempre encontro minhas listas com facilidade,Com frequ√™ncia sei o que est√° acontecendo com meu c√≥digo,Ruim,"Quando encontro problemas, √†s vezes me sinto bem auxiliado.",√Ås vezes recebo feedback claro e √∫til,Sou Neutro,Concordo parcialmente,Concordo totalmente,Discordo totalmente,Discordo totalmente,Sou neutro,Considero o MOJ abaixo da m√©dia,o visual do site 
18/09/2023 22:55:48,Sim,Masculino,De 18 anos at√© 23 anos,Engenharia de Software,8¬∞ per√≠odo,Sempre encontro minhas listas com facilidade,Sempre sei o que est√° acontecendo com meu c√≥digo,Boa,"Quando encontro problemas, raramente me sinto bem auxiliado.",√Ås vezes recebo feedback claro e √∫til,Discordo Parcialmente,Concordo parcialmente,Concordo totalmente,Concordo parcialmente,Discordo parcialmente,Concordo parcialmente,Considero o MOJ abaixo da m√©dia,
19/09/2023 00:02:45,Sim,Masculino,De 18 anos at√© 23 anos,Engenharia de Software,2¬∞ per√≠odo,Sempre encontro minhas listas com facilidade,Com frequ√™ncia sei o que est√° acontecendo com meu c√≥digo,Boa,N√£o encontro problemas ao utilizar o MOJ >:(,Sempre recebo feedback claro e √∫til.,Concordo Totalmente,Sou neutro,Sou neutro,Discordo parcialmente,Concordo parcialmente,Discordo parcialmente,N√£o usei outros juizes eletr√¥nicos,
19/09/2023 08:26:48,Sim,Masculino,De 18 anos at√© 23 anos,Engenharia de Software,6¬∞ per√≠odo,Sempre encontro minhas listas com facilidade,Com frequ√™ncia sei o que est√° acontecendo com meu c√≥digo,Mediana,N√£o encontro problemas ao utilizar o MOJ >:(,Com frequ√™ncia recebo feedback claro e √∫til,Concordo Parcialmente,Sou neutro,Concordo totalmente,Concordo parcialmente,Concordo totalmente,Discordo parcialmente,Considero o MOJ acima da m√©dia,N√£o poder realizar quest√µes avulsas para treinar
19/09/2023 08:46:32,Sim,Masculino,De 24 anos at√© 30 anos,Engenharia de Software,9¬∞ per√≠odo,Sempre encontro minhas listas com facilidade,Com frequ√™ncia sei o que est√° acontecendo com meu c√≥digo,Boa,"Quando encontro problemas, √†s vezes me sinto bem auxiliado.",Raramente recebo feedback claro e √∫til,Sou Neutro,Concordo totalmente,Discordo parcialmente,Sou neutro,Concordo parcialmente,Discordo parcialmente,Considero o MOJ na m√©dia,
19/09/2023 11:56:52,Sim,Masculino,De 18 anos at√© 23 anos,Engenharia de Software,5¬∞ per√≠odo,Raramente encontro minhas listas com facilidade,Nunca sei o que est√° acontecendo com meu c√≥digo,Ruim,"Quando encontro problemas, nunca me senti bem auxiliado.",Nunca recebo feedback claro e √∫til,Concordo Totalmente,Discordo parcialmente,Discordo totalmente,Discordo parcialmente,Discordo totalmente,Discordo totalmente,Considero o MOJ na m√©dia,N ter um feedback do c√≥digo. Sugiro um feedback do que t√° errado e uma sugest√£o do que corrigir
19/09/2023 15:46:17,Sim,Masculino,De 18 anos at√© 23 anos,Engenharia de Software,4¬∞ per√≠odo,Com frequ√™ncia encontro minhas listas com facilidade,Raramente sei o que est√° acontecendo com meu c√≥digo,Boa,"Quando encontro problemas, √†s vezes me sinto bem auxiliado.",Raramente recebo feedback claro e √∫til,Concordo Parcialmente,Sou neutro,Discordo parcialmente,Concordo parcialmente,Concordo parcialmente,Sou neutro,N√£o usei outros juizes eletr√¥nicos,melhor interface de usuario
19/09/2023 16:12:13,Sim,Masculino,De 18 anos at√© 23 anos,Engenharia de Software,6¬∞ per√≠odo,√Ås vezes encontro minhas listas com facilidade,Nunca sei o que est√° acontecendo com meu c√≥digo,Mediana,"Quando encontro problemas, nunca me senti bem auxiliado.",Raramente recebo feedback claro e √∫til,Discordo Totalmente,Discordo parcialmente,Concordo parcialmente,Discordo parcialmente,Sou neutro,Discordo totalmente,Considero o MOJ abaixo da m√©dia,"O Moj n√£o indica a porcentagem de acerto no ‚Äúscore‚Äù, ele s√≥ fala se voc√™ acertou ou n√£o e a quantidade de tentativas. Isso atrapalha e muito, j√° que em ju√≠zes online dificilmente se tem um Feedback claro do erro. O moj ele n√£o tenta dar esse Feedback e voc√™ comumente fica com 95% de testes acertados, mas n√£o tem ideia do que houve de errado.
Isso tbm dificulta em achar erros do pr√≥prio sistema do moj, j√° que o estudante tende a achar que o erro est√° no c√≥digo dele. Todo sistema tem falhas."
19/09/2023 16:38:52,Sim,Feminino,De 18 anos at√© 23 anos,Engenharia de Software,9¬∞ per√≠odo,√Ås vezes encontro minhas listas com facilidade,Raramente sei o que est√° acontecendo com meu c√≥digo,Ruim,"Quando encontro problemas, √†s vezes me sinto bem auxiliado.",Raramente recebo feedback claro e √∫til,Discordo Parcialmente,Discordo parcialmente,Sou neutro,Discordo totalmente,Discordo parcialmente,Discordo parcialmente,Considero o MOJ abaixo da m√©dia,"Apar√™ncia, feedbacks do c√≥digo"
19/09/2023 21:42:08,Sim,Masculino,De 18 anos at√© 23 anos,Engenharia de Software,4¬∞ per√≠odo,Com frequ√™ncia encontro minhas listas com facilidade,√Ås vezes sei o que est√° acontecendo com meu c√≥digo,P√©ssima,"Quando encontro problemas, raramente me sinto bem auxiliado.",Raramente recebo feedback claro e √∫til,Discordo Totalmente,Concordo totalmente,Concordo parcialmente,Discordo totalmente,Discordo parcialmente,Concordo parcialmente,Considero o MOJ na m√©dia,"O site √© feio e por seu visual ""robusto"" pode ser meio dificil de se localizar nele"
19/09/2023 21:44:52,Sim,Masculino,De 18 anos at√© 23 anos,Engenharia de Software,3¬∞ per√≠odo,√Ås vezes encontro minhas listas com facilidade,Com frequ√™ncia sei o que est√° acontecendo com meu c√≥digo,Boa,"Quando encontro problemas, raramente me sinto bem auxiliado.",Sempre recebo feedback claro e √∫til.,Sou Neutro,Discordo parcialmente,Concordo totalmente,Concordo parcialmente,Concordo parcialmente,Discordo parcialmente,N√£o usei outros juizes eletr√¥nicos,A parte de encontrar a lista